"code_station","Artificialisation","Agriculture","Foret","Eau","Zones_humides"
"03172150",16.147,49.439,31.615,2.798,0
"03172380",16.793,55.929,24.672,2.607,0
"03172385",14.482,43.359,37.876,4.283,0
"03172392",10.762,42.251,43.639,3.348,0
"03172471",18.204,39.816,37.673,4.307,0
"03173000",22.974,35.407,35.307,6.312,0
"03173008",23.224,38.219,32.521,6.036,0
"03173273",10.298,54.567,30.697,4.438,0
"03174000",18.19,42.258,28.513,11.038,0
"03174021",18.232,42.161,28.615,10.992,0
"03174211",20.434,33.946,40.733,4.887,0
"03174565",4.843,77.347,17.81,0,0
"03174615",1.489,95.356,3.155,0,0
"03174678",0.485,92.623,6.892,0,0
"03174680",0.795,94.993,4.212,0,0
"03174695",1.508,96.466,2.026,0,0
"03174712",3.575,95.978,0.447,0,0
"03174715",5.95,93.63,0.421,0,0
"03174748",5.588,93.367,1.038,0,0.006
"03174795",5.788,91.994,1.593,0,0.625
"03174815",7.331,89.106,3.157,0,0.406
"03174818",6.561,90.993,1.822,0,0.625
"03174823",6.93,89.672,2.774,0,0.625
"03174825",6.581,91.215,1.58,0,0.625
"03174837",6.475,89.71,3.191,0,0.625
"03174850",7.214,88.015,4.146,0,0.625
"03174875",8.064,86.65,4.662,0,0.625
"03174880",7.672,83.198,8.506,0,0.625
"03174950",2.613,79.691,17.071,0,0.625
"03175000",1.745,75.63,22.622,0,0.003
"03175850",13.254,61.546,24.108,1.092,0
"03176473",12.645,60.555,26.337,0.463,0
"03176540",12.774,59.625,26.461,1.14,0
"03176690",12.88,59.507,26.3,1.314,0
"03176700",12.746,59.462,26.253,1.539,0
"03176775",0.682,77.28,22.038,0,0
"03176825",5.347,80.598,14.055,0,0
"03176850",8.407,67.152,23.258,1.182,0
"03176880",5.126,90.683,4.191,0,0
"03176905",7.416,70.41,20.14,2.033,0
"03176945",12.147,63.879,21.718,2.256,0
"03178000",6.39,63.065,29.677,0.868,0
"03178005",6.453,61.751,30.738,1.058,0
"03178123",7.733,48.543,40.755,2.97,0
"03178240",14.327,47.571,34.35,3.752,0
"03178319",4.613,80.814,14.573,0,0
"03178325",2.788,85.548,11.664,0,0
"03178341",0.733,88.925,10.342,0,0
"03178348",1.053,83.988,14.958,0,0
"03178469",0.694,85.212,14.094,0,0
"03178474",0.839,82.313,16.849,0,0
"03178520",2.95,69.81,27.24,0,0
"03178570",2.354,57.413,40.233,0,0
"03178660",2.601,74.895,22.505,0,0
"03178692",2.828,62.131,35.041,0,0
"03178794",5.962,55.164,38.874,0,0
"03178830",5.041,87.8,7.159,0,0
"03178835",4.044,83.537,12.419,0,0
"03178870",4.925,70.739,24.336,0,0
"03178889",5.284,61.096,33.62,0,0
"03179000",5.955,54.385,39.661,0,0
"03179055",6.047,53.371,40.582,0,0
"03179100",6.08,51.401,42.519,0,0
"03179556",4.838,64.336,30.826,0,0
"03179690",6.499,58.25,35.252,0,0
"03179740",7.449,52.213,40.338,0,0
"03180100",8.4,56.228,35.372,0,0
"03180406",8.098,52.915,38.372,0.615,0
"03180626",11.181,47.833,34.814,6.172,0
"03180725",12.997,45.223,33.132,8.649,0
"03180737",13.104,45.444,32.687,8.764,0
"03180787",13.894,46.213,30.924,8.97,0
"03180875",15.817,45.132,29.765,9.286,0
"03180923",16.87,43.639,30.072,9.42,0
"03181000",18.312,40.921,31.131,9.637,0
"03182000",7.049,66.211,24.094,2.645,0
"03182100",8.467,58.962,28.572,3.999,0
"03182406",12.751,66.082,21.167,0,0
"03182411",17.893,47.335,34.771,0,0
"03182415",21.783,39.705,37.789,0.723,0
"03182446",31.147,24.853,38.919,5.081,0
"03182669",30.364,22.518,44.102,3.017,0
"03183000",25.154,34.478,32.7,7.667,0
"03183200",42.012,32.139,21.864,3.985,0
"03183460",79.633,2.208,14.846,3.314,0
"03183556",68.142,4.485,24.316,3.056,0
"03183758",26.61,14.405,55.627,3.358,0
"03183950",18.338,22.352,55.587,3.723,0
"03184000",13.4,27.919,55.321,3.36,0
"03184370",11.784,45.916,34.117,8.183,0
"03184850",9.849,35.88,48.776,5.495,0
"03185000",6.582,60.84,28.094,4.484,0
"03185161",4.859,63.756,26.349,5.035,0
"03185620",20.333,62.664,11.844,5.158,0
"03185625",18.491,65.686,10.02,5.802,0
"03185805",23.283,59.59,15.786,1.341,0
"03185855",23.637,50.067,19.72,6.576,0
"03185945",8.695,68.422,15.58,7.296,0.007
"03185948",8.746,68.193,15.334,7.672,0.056
"03185950",8.649,67.454,14.901,8.697,0.298
"03185951",8.641,68.177,15.3,7.795,0.086
"03185957",7.794,68.251,15.097,8.542,0.316
"03185962",7.871,68.136,14.952,8.7,0.341
"03185963",7.814,68.195,14.975,8.675,0.341
"03185964",8.093,67.93,14.92,8.728,0.329
"03185980",7.696,68.296,14.797,8.83,0.381
"03186320",36.434,41.958,14.059,5.337,2.212
"03186325",40.771,37.843,15.182,5.173,1.031
"03190256",9.946,39.474,50.049,0.531,0
"03190299",15.14,31.286,52.722,0.852,0
"03190300",14.886,31.617,52.913,0.584,0
"03190340",19.464,49.22,30.486,0.829,0
"03190805",14.774,70.524,13.547,1.155,0
"03190902",10.831,68.84,17.76,2.57,0
"03190922",8.492,71.042,18.297,2.169,0
"03190940",9.332,62.266,26.851,1.552,0
"03190970",11.192,67.202,21.521,0.084,0
"03190975",9.845,68.305,21.421,0.43,0
"03190981",9.714,63.723,26.231,0.332,0
"03191000",11.053,67.208,21.309,0.43,0
"03191001",7.474,62.387,28.968,1.171,0
"03191200",7.366,61.881,29.168,1.584,0
"03191307",6.175,62.001,29.812,2.012,0
"03191350",9.096,65.364,25.212,0.327,0
"03191372",7.867,63.775,27.186,1.171,0
"03191550",7.249,58.477,32.59,1.685,0
"03191700",7.025,57.434,33.452,2.089,0
"03192301",14.31,48.009,36.782,0.899,0
"03192365",15.572,46.363,37.449,0.615,0
"03192378",14.601,46.427,38.356,0.615,0
"03192380",14.293,46.499,38.592,0.615,0
"03192400",15.604,44.878,38.902,0.615,0
"03192583",23.233,35.262,39.912,1.594,0
"03192750",20.206,46.188,21.872,11.734,0
"03193000",26.76,34.6,25.425,13.215,0
"03194250",1.932,65.895,32.173,0,0
"03194280",0.511,87.48,12.01,0,0
"03194350",2.276,80.973,16.752,0,0
"03194362",0.511,69.404,29.352,0.733,0
"03194390",0.264,85.726,14.01,0,0
"03194420",3.158,81.739,15.103,0,0
"03194616",3.129,78.239,18.299,0.333,0
"03194679",2.7,71.583,25.279,0.437,0
"03195417",12.363,63.929,23.317,0.391,0
"03195610",13.439,64.797,21.373,0.391,0
"03196000",15.547,39.655,44.212,0.587,0
"03196080",15.216,39.687,44.535,0.562,0
"03196400",0.875,53.567,45.205,0.352,0
"03196450",0.539,78.441,21.02,0,0
"03197000",3.458,68.555,27.988,0,0
"03197204",3.437,67.285,29.279,0,0
"03197430",3.276,87.512,7.612,1.6,0
"03197840",5.258,51.474,41.927,1.341,0
"03198000",2.424,87.289,10.288,0,0
"03198170",4.075,88.845,7.08,0,0
"03198300",4.582,72.412,23.005,0,0
"03198505",9.107,75.465,15.428,0,0
"03198520",7.121,47.05,45.829,0,0
"03198530",6.604,60.794,32.602,0,0
"03198650",7.197,54.77,38.033,0,0
"03198730",12.474,46.42,41.105,0,0
"03198750",14.542,39.377,46.081,0,0
"03198826",28.087,33.601,38.312,0,0
"03198827",28.867,33.436,37.697,0,0
"03198829",28.403,34.304,37.293,0,0
"03198850",31.642,37.817,30.541,0,0
"03199000",35.428,39.314,25.258,0,0
"03199190",10.96,56.238,32.802,0,0
"03199200",10.191,55.871,33.938,0,0
"03199300",7.064,53.13,39.806,0,0
"03199450",5.524,50.691,43.738,0.047,0
"03199856",5.289,51.952,42.465,0.294,0
"03200030",7.231,45.162,46.151,1.456,0
"03200070",7.605,46.979,43.96,1.456,0
"03200088",13.081,49.691,36.229,0.999,0
"03200115",27.293,46.107,26.6,0,0
"03200130",28.762,46.011,25.227,0,0
"03200310",56.531,22.309,19.807,1.353,0
"03200400",74.98,9.519,13,2.502,0
"03200435",66.79,13.851,17.684,1.675,0
"03200500",30.451,40.943,28.142,0.464,0
"03201000",51.313,26.524,20.827,1.337,0
"03201202",2.656,89.336,8.008,0,0
"03201215",2.904,88.736,8.36,0,0
"03201230",3.164,88.167,8.668,0,0
"03201250",3.858,85.957,10.185,0,0
"03201260",6.661,62.11,31.229,0,0
"03201386",13.993,54.614,31.393,0,0
"03201388",14.684,54.318,30.997,0,0
"03201392",13.231,55.646,31.123,0,0
"03201395",15.578,51.773,32.649,0,0
"03201400",14.836,52.584,32.58,0,0
"03201480",12.04,58.554,29.406,0,0
"03201502",3.439,77.915,18.646,0,0
"03201540",3.585,74.906,21.51,0,0
"03201548",4.248,74.086,21.667,0,0
"03201639",7.562,66.975,25.463,0,0
"03201650",9.479,66.198,24.323,0,0
"03201972",15.775,53.372,30.853,0,0
"03202000",16.03,54.146,29.824,0,0
"03202250",24.333,41.784,33.883,0,0
"03203040",56.88,8.128,32.363,2.629,0
"03203042",60.101,7.175,30.029,2.695,0
"03203050",63.397,6.001,27.758,2.844,0
"03203275",9.064,74.612,16.324,0,0
"03203472",12.298,72.082,15.619,0,0
"03203485",13.304,70.418,16.278,0,0
"03203514",13.953,69.161,16.886,0,0
"03203660",16.475,67.216,16.309,0,0
"03203750",14.054,65.045,18.817,2.085,0
"03203754",13.482,66.161,19.017,1.34,0
"03204000",11.757,47.814,33.042,7.387,0
"03204160",6.08,59.254,32.059,2.607,0
"03204168",6.355,58.839,32.008,2.798,0
"03205000",7.743,53.133,34.839,4.285,0
"03205001",7.329,56.783,32.161,3.727,0
"03205002",6.593,59.642,30.418,3.347,0
"03205050",8.188,53.448,34.072,4.292,0
"03205250",6.151,59.529,31.331,2.99,0
"03205348",6.366,58.635,31.941,3.058,0
"03205850",7.123,54.22,34.795,3.862,0
"03206000",7.43,50.615,37.302,4.653,0
"03206040",6.698,56.616,33.316,3.37,0
"03206085",7.14,54.124,34.847,3.889,0
"03206150",10.813,75.66,13.527,0,0
"03206350",16.793,58.154,25.053,0,0
"03206595",14.704,58.266,27.03,0,0
"03206630",20.319,51.606,27.102,0.973,0
"03206660",22.557,49.162,25.66,2.621,0
"03206925",16.526,55.759,27.714,0,0
"03206927",18.742,52.524,27.813,0.921,0
"03207020",26.221,47.68,21.767,4.332,0
"03207021",25.433,46.933,23.831,3.803,0
"03207023",26.115,49.078,19.935,4.872,0
"03207028",24.903,53.233,16.715,5.149,0
"03207226",1.893,83.696,13.997,0,0.414
"03207228",2.802,81.491,15.293,0,0.414
"03207233",3.008,79.257,17.321,0,0.414
"03207235",3.211,78.744,17.631,0,0.414
"03207241",4.427,75.57,19.143,0,0.86
"03207335",4.248,77.82,17.072,0,0.86
"03207490",4.143,73.367,20.954,0.19,1.346
"03207603",5.325,62.256,29.221,2.217,0.981
"03207610",4.302,64.899,28.365,1.045,1.388
"03207680",4.561,67.266,24.849,2.712,0.613
"03207865",7.318,73.488,16.771,2.422,0
"03207889",5.844,71.911,20.014,2.232,0
"03208000",8.72,57.014,32.772,1.494,0
"03208019",8.397,56.643,33.466,1.494,0
"03208100",8.475,50.699,39.364,1.462,0
"03208112",7.519,60.97,29.319,2.192,0
"03208146",6.926,63.532,26.919,2.623,0
"03208168",6.712,66.003,24.502,2.783,0
"03208520",7.827,61.011,27.373,3.789,0
"03208572",8.509,58.038,29.757,3.696,0
"03208696",9.061,60.497,26.983,3.459,0
"03208712",8.992,60.887,26.662,3.459,0
"03209000",17.707,63.65,9.847,5.476,3.319
"03209041",17.408,64.24,10.236,4.967,3.149
"03209338",2.921,75.888,21.191,0,0
"03209439",1.787,63.881,34.332,0,0
"03209485",1.33,73.77,24.899,0,0
"03209505",2.234,73.549,24.217,0,0
"03209538",1.206,69.532,29.262,0,0
"03209550",2.832,72.967,24.202,0,0
"03209584",1.733,72.411,25.856,0,0
"03209747",2.188,77.203,20.609,0,0
"03209803",2.489,81.189,16.323,0,0
"03209828",2.365,83.148,14.487,0,0
"03209949",3.918,84.984,11.099,0,0
"03209956",4.164,85.096,10.741,0,0
"03210050",5.944,72.559,4.313,12.367,4.817
"03210072",5.425,60.812,3.173,25.09,5.5
"03210081",5.281,55.322,2.115,31.62,5.663
"03210090",5.238,44.701,1.171,42.973,5.917
"03210200",1.596,87.293,11.11,0,0
"03210300",1.186,89.831,8.983,0,0
"03210320",0.805,89.526,9.669,0,0
"03210327",0.981,89.693,9.326,0,0
"03210423",0.796,88.189,11.016,0,0
"03210572",4.666,88.836,6.498,0,0
"03210600",4.671,88.262,7.067,0,0
"03210660",4.799,89.503,5.698,0,0
"03210700",4.609,85.863,9.528,0,0
"03210716",4.543,83.179,12.279,0,0
"03210780",4.58,82.103,13.316,0,0
"03210785",4.528,78.687,16.786,0,0
"03210815",4.3,78.995,16.704,0,0
"03210955",1.899,75.424,22.677,0,0
"03211000",2.498,75.671,21.831,0,0
"03211430",4.886,78.282,16.832,0,0
"03211950",8.529,59.928,28.711,2.832,0
"03212090",15.684,64.069,18.078,2.169,0
"03212150",4.409,78.855,16.736,0,0
"03212153",3.597,83.428,12.975,0,0
"03212230",4.289,72.827,22.884,0,0
"03212234",4.289,67.773,27.938,0,0
"03212250",3.148,55.402,41.45,0,0
"03212361",3.087,54.784,42.129,0,0
"03212362",3.085,56.153,40.762,0,0
"03212395",2.867,51.404,45.728,0,0
"03212402",2.705,53.445,43.851,0,0
"03212586",1.413,61.61,36.652,0.325,0
"03212600",5.733,62.097,31.55,0.62,0
"03212738",5.502,59.984,34.19,0.325,0
"03212867",5.032,65.74,27.626,1.602,0
"03212980",6.034,65.864,25.27,2.832,0
"03212998",9.523,61.326,26.319,2.832,0
"03212999",7.925,64.639,24.604,2.832,0
"03213000",9.648,60.615,26.905,2.832,0
"03213040",20.119,62.622,15.606,1.653,0
"03213185",1.086,83.724,15.191,0,0
"03213230",2.863,82.267,14.87,0,0
"03213291",4.192,85.024,10.785,0,0
"03213480",6.348,81.697,11.955,0,0
"03213505",6.587,80.448,12.965,0,0
"03213653",7.335,74.127,18.538,0,0
"03213684",7.829,71.117,21.055,0,0
"03213736",9.263,66.07,24.246,0.42,0
"03213774",15.31,64.058,19.346,1.286,0
"03213830",21.777,60.849,15.935,1.411,0.028
"03213857",23.656,61.598,13.335,1.411,0
"03213895",26.927,58.905,11.73,1.49,0.948
"03214000",26.051,46.776,3.098,20.88,3.195
"03214100",5.95,77.994,16.056,0,0
"03214130",3.128,93.226,3.645,0,0
"03214170",3.738,90.659,5.603,0,0
"03214220",2.074,91.962,5.965,0,0
"03214240",2.375,90.445,7.18,0,0
"03214320",2.665,81.142,15.868,0.325,0
"03214529",2.931,80.328,16.416,0.325,0
"03214600",7.108,82.706,10.186,0,0
"03214775",8.245,82.783,8.972,0,0
"03214918",22.22,73.124,4.643,0,0.014
"03215000",25.913,47.981,5.336,17.517,3.253
"03215172",3.382,90.746,5.871,0,0
"03215193",3.232,89.047,7.721,0,0
"03215310",7.317,86.187,6.496,0,0
"03215320",7.902,85.325,6.773,0,0
"03215380",10.073,85.918,3.685,0.324,0
"03215440",4.565,88.808,6.628,0,0
"03215470",7.533,86.854,5.289,0.324,0
"03215600",8.47,89.297,1.879,0.324,0.029
"03215950",7.518,79.742,5.226,3.274,4.241
"03216000",6.863,75.418,4.987,7.174,5.558
"03216130",9.546,89.124,0.286,0.72,0.325
"03216150",9.273,87.844,0,0.604,2.279
"03216160",8.718,81.987,0,5.347,3.948
"03216161",8.898,81.429,0,5.642,4.031
"03216180",6.275,65.996,0.002,21.755,5.971
"03216250",4.505,49.917,0,40.681,4.897
"03216305",2.783,88.362,8.855,0,0
"03216310",2.695,88.295,9.011,0,0
"03216317",2.631,88.411,8.958,0,0
"03216394",2.288,86.119,11.593,0,0
"03216469",3.333,81.891,14.776,0,0
"03216478",3.447,81.321,15.232,0,0
"03216523",3.788,79.203,17.009,0,0
"03216686",6.656,75.968,16.957,0.419,0
"03216724",6.604,75.254,17.723,0.419,0
"03216766",8.634,73.993,16.954,0.419,0
"03216769",8.663,74.231,16.687,0.419,0
"03216816",9.783,76.005,13.793,0.419,0
"03216868",10.521,78.998,10.062,0.419,0
"03216905",11.851,78.751,8.979,0.419,0
"03216929",14.436,76.831,7.765,0.419,0.549
"03216949",14.687,73.403,6.564,3.305,2.041
"03217000",14.882,75.436,7.229,1.071,1.383
"03217295",6.501,80.376,13.004,0.118,0
"03217400",6.971,76.147,16.481,0.401,0
"03217813",13.444,62.741,14.308,7.477,2.03
"03218069",14.523,67.564,14.22,2.124,1.569
"03218070",14.499,68.521,14.507,1.221,1.253
"03218078",13.936,70.492,15.163,0.401,0.007
"03218150",12.497,38.286,7.699,38.562,2.956
"03218218",10.329,88.631,1.04,0,0
"03218221",10.642,88.269,1.089,0,0
"03218223",11.483,87.357,1.16,0,0
"03218224",11.738,87.05,1.212,0,0
"03218350",14.523,82.753,2.724,0,0
"03218380",16.661,79.278,4.061,0,0
"03218400",17.326,77.543,4.951,0,0.18
"03218759",32.534,62.305,4.326,0,0.836
"03218781",33.299,61.596,4.269,0,0.836
"03218787",36.817,58.35,3.997,0,0.836
"03219000",55.48,34.598,6.525,2.562,0.836
"03219003",61.584,33.797,2.913,0.87,0.836
"03219004",62.192,32.612,3.178,1.183,0.836
"03219007",61.762,31.748,4.03,1.625,0.836
"03219008",62.632,30.493,4.235,1.805,0.836
"03219014",36.602,51.849,9.313,1.401,0.836
"03219015",58.032,33.759,5.124,2.25,0.836
"03219016",57.052,34.678,5.236,2.199,0.836
"03219018",56.768,33.617,6.098,2.682,0.836
"03219030",58.638,29.415,6.945,4.167,0.836
"03219035",23.811,65.361,9.722,0.967,0.139
"03219036",26.539,62.458,9.682,1.066,0.255
"03219037",32.201,56.391,9.554,1.215,0.638
"03219038",34.867,54.11,8.952,1.24,0.831
"03219050",61.92,22.185,8.233,6.826,0.835
"03219052",62.346,20.908,8.7,7.211,0.835
"03219158",1.424,87.165,11.411,0,0
"03219225",1.902,89.369,8.73,0,0
"03219263",1.533,84.365,14.102,0,0
"03219270",1.865,79.787,18.348,0,0
"03219300",2.332,70.283,27.385,0,0
"03219392",3.052,78.528,18.42,0,0
"03219395",3.146,79.514,17.339,0,0
"03219411",3.544,81.423,15.033,0,0
"03219420",3.701,80.222,16.078,0,0
"03219428",3.783,84.877,11.34,0,0
"03219430",9.424,84.175,6.401,0,0
"03219450",10.07,81.264,8.666,0,0
"03219550",8.488,71.278,20.234,0,0
"03219590",8.423,77.798,13.778,0,0
"03219666",4.618,75.211,20.171,0,0
"03219780",4.534,71.213,24.254,0,0
"03219880",2.3,80.829,16.871,0,0
"03220000",2.067,64.535,33.398,0,0
"03221170",3.36,53.932,42.708,0,0
"03221290",9.586,50.188,39.781,0.444,0
"03221320",10.373,57.076,32.107,0.444,0
"03221500",9.02,68.943,21.244,0.793,0
"03221510",7.827,70.145,21.235,0.793,0
"03221530",5.068,62.438,32.146,0.348,0
"03221560",6.73,60.859,32.062,0.348,0
"03221625",2.873,67.85,29.277,0,0
"03221647",5.037,63.581,31.381,0.002,0
"03221700",4.823,66.509,28.668,0,0
"03221790",2.251,59.882,36.352,1.514,0
"03221792",2.156,59.878,36.452,1.514,0
"03221795",1.969,60.089,36.428,1.514,0
"03221810",2.001,62.208,34.277,1.514,0
"03221860",1.952,60.397,36.137,1.514,0
"03221872",2.188,79.134,17.164,1.514,0
"03221876",2.376,71.297,24.813,1.514,0
"03221935",3.019,70.329,24.506,2.146,0
"03221940",5.267,74.306,18.824,1.602,0
"03221949",3.184,71.993,22.677,2.146,0
"03221997",8.881,68.659,21.423,1.037,0
"03222000",9.916,69.901,19.526,0.658,0
"03222002",2.364,68.596,29.04,0,0
"03222075",10.592,68.176,19.691,1.541,0
"03222135",11.43,66.026,20.575,1.968,0
"03222194",10.808,68.768,18.455,1.968,0
"03222228",10.458,70.384,17.195,1.963,0
"03222246",10.756,67.352,19.924,1.968,0
"03222275",10.138,67.982,20.543,1.336,0
"03222320",4.014,85.153,10.054,0.779,0
"03222327",5.11,81.741,11.812,1.336,0
"03222328",5.827,86.207,7.966,0,0
"03222329",5.679,85.337,8.984,0,0
"03222331",4.976,78.621,15.066,1.336,0
"03222336",6.941,73.685,18.037,1.336,0
"03222338",7.847,71.343,19.474,1.336,0
"03222340",8.892,69.312,20.459,1.336,0
"03222345",10.312,67.262,21.09,1.336,0
"03222346",10.388,67.133,21.144,1.336,0
"03222380",3.839,77.818,18.198,0.145,0
"03222415",1.94,65.079,32.98,0,0
"03222418",0.911,59.518,39.572,0,0
"03222422",0.432,62.615,36.952,0,0
"03222430",2.009,68.711,29.28,0,0
"03222450",2.041,74.494,23.464,0,0
"03222480",1.68,87.001,11.319,0,0
"03222513",1.669,84.968,13.363,0,0
"03222690",0.873,87.075,12.051,0,0
"03222750",0.617,84.907,14.475,0,0
"03222780",0.728,92.519,6.753,0,0
"03222885",0.873,87.599,11.528,0,0
"03223200",1.809,70.914,27.277,0,0
"03223240",11.293,66.792,21.914,0,0
"03223462",8.601,71.421,19.978,0,0
"03223500",9.696,65.831,24.474,0,0
"03223982",6.699,54.97,37.887,0.444,0
"03224400",3.982,93.76,2.258,0,0
"03224407",3.991,93.543,2.466,0,0
"03224816",5.81,79.351,14.452,0.387,0
"03224955",4.543,90.41,5.047,0,0
"03224975",5.471,87.614,6.915,0,0
"03224990",5.891,83.691,10.418,0,0
"03225010",1.784,67.432,15.075,7.781,7.928
"03225015",2.017,59.906,14.103,10.799,13.176
"03225030",9.607,78.846,11.547,0,0
"03225040",12.207,57.511,12.863,14.417,3.002
"03225062",12.275,50.298,11.606,25.644,0.177
"03225150",7.899,36.636,15.581,36.046,3.837
"03225315",2.395,85.482,12.123,0,0
"03225340",1.682,93.813,4.505,0,0
"03225350",2.675,92.48,4.845,0,0
"03225362",2.296,86.572,11.132,0,0
"03225450",2.273,75.445,22.283,0,0
"03225460",2.273,78.289,19.438,0,0
"03225645",0.338,83.983,15.679,0,0
"03225827",0.899,82.124,16.978,0,0
"03225865",0.407,77.029,22.563,0,0
"03226000",0.113,81.133,18.754,0,0
"03226010",0,81.937,18.063,0,0
"03226107",0.801,87.326,11.872,0,0
"03226300",9.222,84.12,6.658,0,0
"03226420",3.162,77.009,19.83,0,0
"03226435",2.849,77.227,19.924,0,0
"03226488",4.838,71.932,23.23,0,0
"03226540",4.072,79.656,16.272,0,0
"03226557",4.571,86.291,9.139,0,0
"03226590",14.751,77.437,7.813,0,0
"03226640",2.414,85.924,11.662,0,0
"03226660",5.763,84.749,9.487,0,0
"03226695",15.382,75.995,8.624,0,0
"03226720",16.66,75.376,7.964,0,0
"03226830",13.395,81.828,4.777,0,0
"03226835",14.852,79.769,5.378,0,0
"03227010",10.267,82.69,7.043,0,0
"03227100",13.762,77.749,8.49,0,0
"03227296",5.432,89.753,4.815,0,0
"03227327",3.847,88.215,7.467,0.47,0
"03227475",2.904,84.823,11.571,0.702,0
"03227495",6.369,81.007,11.171,1.453,0
"03227561",8.673,81.832,8.357,1.138,0
"03227599",0.345,95.86,3.794,0,0
"03227602",0.954,94.139,4.907,0,0
"03227603",0.86,94.051,5.086,0.003,0
"03227607",1.802,91.704,5.349,1.144,0
"03227608",1.933,90.734,5.881,1.453,0
"03227618",5.706,87.385,5.615,1.294,0
"03227623",8.997,84.173,5.836,0.995,0
"03227690",0.177,89.387,10.436,0,0
"03227725",1.016,90.392,8.592,0,0
"03227745",1.512,95.002,3.487,0,0
"03227770",0.561,97.366,2.072,0,0
"03227819",1.043,92.93,6.028,0,0
"03227825",2.416,87.375,10.209,0,0
"03227847",8.327,74.13,16.713,0.83,0
"03227859",8.924,73.311,16.935,0.83,0
"03227935",11.647,64.241,23.555,0.557,0
"03227950",11.641,69.089,18.348,0.922,0
"03228000",9.9,78.144,11.047,0.91,0
"03228020",7.27,89.135,3.145,0.45,0
"03228050",14.254,70.264,15.032,0.45,0
"03228120",21.415,67,4.324,4.02,3.241
"03228200",12.215,46.438,4.166,32.354,4.827
"03228360",1.011,95.429,3.561,0,0
"03228440",1.805,91.34,6.855,0,0
"03228480",2.657,95.429,1.914,0,0
"03228486",3.456,93.649,2.895,0,0
"03228498",3.301,95.879,0.819,0,0
"03228520",3.325,95.917,0.758,0,0
"03228610",2.493,91.336,6.171,0,0
"03228690",2.838,90.606,6.556,0,0
"03228780",3.807,92.272,3.92,0,0
"03228880",5.421,84.917,9.662,0,0
"03228930",10.432,82.211,7.358,0,0
"03228965",2.776,88.749,8.475,0,0
"03229000",4.625,88.172,7.203,0,0
"03229215",4.659,90.791,4.55,0,0
"03229300",4.473,92.809,2.717,0,0
"03229400",5.675,91.897,2.427,0,0
"03229700",2.771,92.323,4.906,0,0
"03230000",4.07,90.363,4.473,1.094,0
"03230135",2.368,94.858,1.68,1.094,0
"03230200",2.035,93.983,2.888,1.094,0
"03230460",9.603,79.1,11.297,0,0
"03230487",8.813,82.2,8.987,0,0
"03230560",5.798,89.846,4.356,0,0
"03230680",7.005,88.291,4.703,0,0
"03230760",5.635,87.704,5.567,1.094,0
"03230790",2.368,92.663,3.876,1.094,0
"03230855",1.114,93.914,4.972,0,0
"03230897",0.744,96.468,2.787,0,0
"03230920",0.365,95.339,3.845,0.451,0
"03231000",4.839,81.671,11.542,0,1.948
"03231065",10.305,81.665,7.716,0,0.314
"03231094",10.47,81.821,6.91,0,0.799
"03231260",13.323,74.984,2.488,4.019,5.186
"03231400",1.542,94.613,3.779,0,0.066
"03231429",3.624,90.164,4.023,0,2.189
"03231445",2.871,93.409,3.72,0,0
"03231450",2.954,92.935,4.111,0,0
"03231490",2.983,91.53,3.928,0.71,0.849
"03231545",16.214,44.125,4.329,28.014,7.318
"03231650",0,92.328,7.672,0,0
"03231740",2.749,87.168,10.083,0,0
"03231748",2.484,86.963,10.553,0,0
"03231844",2.843,86.758,10.399,0,0
"03232048",2.498,88.124,9.378,0,0
"03232050",2.66,87.922,9.418,0,0
"03232080",0,86.635,13.365,0,0
"03232380",1.966,89.857,8.177,0,0
"03232450",0.839,92.346,6.815,0,0
"03232520",0.957,91.161,7.882,0,0
"03232790",1.304,95.704,2.992,0,0
"03232950",1.746,94.912,2.476,0.865,0
"03233449",7.896,91.308,0.796,0,0
"03233700",6.005,90.948,3.047,0,0
"03233718",2.424,94.258,3.318,0,0
"03233732",1.488,72.483,26.03,0,0
"03233740",2.708,93.974,3.318,0,0
"03233793",2.429,81.787,15.784,0,0
"03233795",2.894,93.858,3.248,0,0
"03233815",1.572,94.914,3.514,0,0
"03233820",5.426,92.756,1.818,0,0
"03233824",6.149,92.234,1.617,0,0
"03233825",2.729,95.671,1.6,0,0
"03233827",6.332,91.088,2.58,0,0
"03233860",1.625,84.872,13.503,0,0
"03233896",7.453,67.995,24.553,0,0
"03233900",13.182,65.518,21.3,0,0
"03233942",2.332,74.38,23.288,0,0
"03233979",12.584,55.357,32.06,0,0
"03233980",2.396,59.507,38.098,0,0
"03234100",12.168,86.83,1.002,0,0
"03234215",12.365,85.344,2.292,0,0
"03234275",6.585,92.279,1.135,0,0
"03234292",3.994,90.557,5.45,0,0
"03234313",0.658,45.64,53.702,0,0
"03234335",0.49,68.024,31.478,0.008,0
"03234338",0.49,83.004,16.506,0,0
"03234346",0.664,60.558,38.319,0.459,0
"03234347",1.053,64.238,34.249,0.459,0
"03234348",0.709,67.964,30.867,0.459,0
"03234356",0.9,80.785,17.855,0.459,0
"03234369",1.091,90.72,7.731,0.458,0
"03234370",2.386,89.698,7.465,0.452,0
"03234373",3.778,88.627,7.136,0.459,0
"03234380",5.295,94.131,0.574,0,0
"03234500",3.617,86.564,9.819,0,0
"03234560",0.331,94.387,5.282,0,0
"03234583",0.329,92.632,7.038,0,0
"03234620",3.265,83.516,13.22,0,0
"03234650",2.006,83.801,14.194,0,0
"03234721",1.231,84.356,14.412,0,0
"03234724",1.253,84.324,14.424,0,0
"03234822",1.153,84.158,14.275,0.414,0
"03234845",1.299,86.784,11.05,0.867,0
"03234956",0.403,89.809,8.677,1.112,0
"03234957",0.008,92.624,6.28,1.088,0
"03234958",1.484,88.689,8.715,1.112,0
"03234986",0,87.185,12.142,0.673,0
"03234998",0.062,88.365,10.985,0.589,0
"03235072",0.3,84.478,14.887,0.334,0
"03235147",1.354,81.878,16.767,0,0
"03235250",0.96,82.288,16.676,0.077,0
"03235450",2.328,82.647,15.025,0,0
"03235520",3.279,83.324,13.396,0,0
"03235555",2.637,89.019,8.344,0,0
"03235670",0.497,86.323,13.156,0.024,0
"03235690",0.7,85.055,14.245,0,0
"03235695",1.263,87.056,11.682,0,0
"03235750",2.092,82.811,15.097,0,0
"03236050",2.02,83.5,14.48,0,0
"03236079",1.529,82.627,15.844,0,0
"03236260",2.034,81.124,16.842,0,0
"03236280",2.119,80.623,17.257,0,0
"03236395",3.692,76.737,19.571,0,0
"03236410",4.301,78.293,17.406,0,0
"03236690",2.318,82.01,15.672,0,0
"03236713",1.666,79.834,18.5,0,0
"03236714",1.629,79.97,18.401,0,0
"03236730",1.615,80.072,18.313,0,0
"03237021",2.845,77.894,19.261,0,0
"03237043",3.311,77.937,18.752,0,0
"03237050",5.391,80.127,14.482,0,0
"03237052",4.471,71.197,24.331,0,0
"03237065",6.854,79.736,13.41,0,0
"03237118",5.893,79.945,14.162,0,0
"03237150",5.148,81.091,13.761,0,0
"03237156",6.452,76.529,17.019,0,0
"03237540",15.448,78.261,6.291,0,0
"03237617",15.413,79.043,5.544,0,0
"03237800",51.838,46.96,1.109,0.092,0
"03238000",77.42,19.529,1.944,1.107,0
"03239010",25.609,65.112,4.306,3.205,1.768
"03239050",44.067,49.662,3.754,2.517,0
"03239100",24.133,65.607,5.469,3.206,1.584
"03239233",1.498,88.379,10.123,0,0
"03239247",1.056,86.91,11.803,0.232,0
"03239293",1.375,88.541,9.756,0.328,0
"03239305",1.209,91.675,6.787,0.328,0
"03239309",1.229,92.093,6.349,0.328,0
"03239312",1.242,92.165,6.265,0.328,0
"03239390",1.346,88.997,9.329,0.328,0
"03239424",1.143,91.341,7.361,0.155,0
"03239429",0.873,92.512,6.602,0.013,0
"03239439",0.867,94.342,4.778,0.014,0
"03239465",0.924,94.697,4.379,0,0
"03239485",0.586,94.624,4.79,0,0
"03239520",1.346,90.939,7.715,0,0
"03240000",3.97,91.795,4.235,0,0
"03240066",0.629,90.901,8.471,0,0
"03240090",0.169,95.513,4.318,0,0
"03240100",0.307,97.043,2.649,0,0
"03240111",0,95.544,4.456,0,0
"03240201",1.918,95.842,1.522,0,0.718
"03240320",1.982,96.263,1.036,0,0.718
"03240480",0.361,92.447,7.192,0,0
"03240660",1.011,89.48,9.508,0,0
"03240780",1.376,85.774,12.85,0,0
"03240900",2.529,85.288,12.182,0,0
"03240960",1.196,83.473,15.332,0,0
"03240990",1.742,82.443,15.816,0,0
"03241000",1.804,82.222,15.974,0,0
"03241018",1.829,82.416,15.755,0,0
"03241032",1.829,82.847,15.325,0,0
"03241085",2.312,82.392,15.295,0,0
"03241122",2.844,94.737,2.42,0,0
"03241140",2.779,96.672,0.549,0,0
"03241170",3.219,95.475,1.307,0,0
"03241231",2.501,93.375,4.124,0,0
"03241233",2.39,93.394,4.216,0,0
"03241269",0.7,98.959,0.342,0,0
"03241300",1.91,95.824,2.266,0,0
"03241327",5.212,90.889,3.899,0,0
"03241330",5.635,91.274,3.091,0,0
"03241347",3.218,92.72,4.062,0,0
"03241377",5.653,91.193,3.154,0,0
"03241510",0.667,81.117,18.216,0,0
"03241550",0.331,86.52,13.149,0,0
"03241590",0.149,89.709,10.142,0,0
"03241603",0.21,94.128,5.662,0,0
"03241690",0.655,91.602,7.742,0,0
"03241710",0.675,90.448,8.877,0,0
"03241755",8.433,86.476,5.091,0,0
"03241813",1.629,94.058,4.313,0,0
"03241814",1.191,92.429,6.38,0,0
"03241815",5.195,89.405,5.4,0,0
"03241865",7.341,88.311,4.348,0,0
"03241920",8.207,84.276,7.518,0,0
"03241957",3.523,84.318,12.159,0,0
"03242000",2.013,83.078,14.909,0,0
"03242420",19.023,78.162,2.815,0,0
"03242520",6.762,90.079,3.16,0,0
"03242610",15.707,81.27,3.023,0,0
"03242750",9.298,88.673,2.029,0,0
"03242796",8.831,87.665,3.504,0,0
"03242800",8.547,88.448,3.005,0,0
"03243000",8.457,83.282,8.261,0,0
"03243230",2.15,91.802,6.048,0,0
"03243280",4.956,93.895,1.149,0,0
"03243324",6.01,92.75,1.239,0,0
"03243330",6.067,92.349,1.584,0,0
"03243350",4.277,94.068,1.655,0,0
"03243540",4.374,94.576,1.05,0,0
"03244000",50.456,48.758,0.787,0,0
"03244263",2.812,81.516,15.672,0,0
"03244300",2.221,81.391,16.387,0,0
"03244460",4.599,83.087,12.315,0,0
"03244507",4.03,84.525,11.445,0,0
"03244626",3.681,82.606,13.713,0,0
"03244714",7.926,74.435,17.639,0,0
"03244725",8.899,72.314,18.787,0,0
"03244843",8.061,73.622,18.316,0,0
"03244899",10.092,71.345,18.563,0,0
"03244910",10.601,73.589,15.81,0,0
"03245000",13.816,77.312,8.873,0,0
"03245100",14.421,77.424,8.156,0,0
"03245225",0.807,80.13,19.063,0,0
"03245545",1.754,94.136,4.11,0,0
"03245570",0.814,98.141,1.046,0,0
"03245597",2.178,96.739,1.083,0,0
"03245640",3.64,95.175,1.185,0,0
"03245665",2.45,96.237,1.313,0,0
"03245698",1.554,97.133,1.313,0,0
"03245735",2.507,96.232,1.261,0,0
"03245736",3.403,95.284,1.313,0,0
"03245758",3.821,95.393,0.786,0,0
"03245766",5.642,93.083,1.274,0,0
"03245795",3.616,95.575,0.809,0,0
"03245810",3.661,95.55,0.79,0,0
"03245840",3.999,95.25,0.751,0,0
"03245853",7.94,91.971,0.089,0,0
"03245970",5.925,92.514,1.561,0,0
"03246000",6.96,90.99,2.05,0,0
"03246130",8.56,86.703,4.068,0,0.669
"03246220",18.035,81.16,0.805,0,0
"03246245",12.331,86.445,1.224,0,0
"03246300",9.617,84.187,3.911,0,2.285
"03246490",7.543,40.482,0.677,35.33,15.968
"03246525",5.246,64.133,0.154,20.787,9.681
"03246650",0.444,96.205,3.351,0,0
"03246680",0.403,93.465,6.132,0,0
"03246698",0.401,94.156,5.443,0,0
"03246920",12.595,86.15,1.255,0,0
"03247140",8.12,79.276,0.734,9.731,2.138
"03247155",0.856,93.967,5.177,0,0
"03247160",0.929,97.107,1.965,0,0
"03247161",3.476,90.302,6.222,0,0
"03247174",0,99.441,0.559,0,0
"03247192",0.329,97.94,1.731,0,0
"03247210",0.301,98.624,1.075,0,0
"03247218",0.326,98.137,1.537,0,0
"03247228",1.926,86.091,11.982,0,0
"03247252",4.154,85.504,10.342,0,0
"03247261",3.472,90.304,6.224,0,0
"03247275",12.3,87.7,0,0,0
"03247288",11.276,88.724,0,0,0
"03247335",2.211,97.789,0,0,0
"03247341",1.723,98.115,0.162,0,0
"03247405",2.845,94.852,2.303,0,0
"03247410",3.434,92.946,3.619,0,0
"03247415",3.613,94.129,2.257,0,0
"03247440",3.566,93.458,2.976,0,0
"03247475",2.855,94.24,2.905,0,0
"03247550",1.217,96.337,2.446,0,0
"03247590",1.985,97.227,0.788,0,0
"03247700",2.058,97.942,0,0,0
"03247760",0.593,99.407,0,0,0
"03247985",2.558,94.712,0,0.722,2.008
"03248100",1.676,62.859,0.218,30.749,4.498
"03248150",3.042,48.764,0,10.113,38.081
"03248256",0.554,96.159,3.287,0,0
"03248401",0.534,96.161,3.305,0,0
"03248801",11.619,86.012,2.37,0,0
"03249000",12.451,85.217,2.332,0,0
"03249010",12.398,85.225,2.332,0.045,0
"03249200",11.841,84.052,3.55,0.557,0
"03249300",8.865,88.026,2.552,0.557,0
"03249400",14.46,84.307,1.2,0.033,0
"03249539",9.188,90.812,0,0,0
"03249595",14.927,84.4,0.673,0,0
"03249604",14.927,84.4,0.673,0,0
"03249870",11.043,88.512,0.445,0,0
"03249880",11.275,88.357,0.367,0,0
"03250055",2.437,91.962,5.602,0,0
"03250110",2.923,90.472,6.606,0,0
"03250111",2.682,89.919,7.399,0,0
"03250207",1.233,91.285,7.482,0,0
"03250230",0.927,90.84,8.234,0,0
"03250243",0.927,90.75,8.323,0,0
"03250260",0.586,88.318,11.096,0,0
"03250273",0.608,88.432,10.96,0,0
"03250375",0.856,90.052,9.092,0,0
"03250396",0.588,87.496,11.916,0,0
"03250430",1.61,87.952,10.438,0,0
"03250448",1.366,87.296,11.339,0,0
"03250475",1.321,91.137,7.543,0,0
"03250508",1.723,91.397,6.88,0,0
"03250520",1.028,92.97,6.001,0,0
"03250540",2.26,94.242,3.497,0,0
"03250572",1.452,96.504,2.044,0,0
"03250575",1.099,96.177,2.724,0,0
"03250585",1.568,94.564,3.868,0,0
"03250663",3.859,93.457,2.685,0,0
"03250690",3.879,94.51,1.611,0,0
"03250720",3.763,93.3,2.938,0,0
"03250773",4.44,92.547,3.013,0,0
"03250779",3.38,93.725,2.895,0,0
"03250797",3.796,93.811,2.393,0,0
"03250820",3.839,92.641,3.52,0,0
"03250828",4.087,93.675,2.238,0,0
"03250952",8.226,89.971,1.803,0,0
"03250975",8.076,90.3,1.624,0,0
"03251070",13.606,85.838,0.556,0,0
"03251110",19.259,80.295,0.446,0,0
"03251155",18.892,80.735,0.374,0,0
"03251180",17.003,81.639,1.358,0,0
"03251190",19.321,79.944,0.734,0,0
"03251510",15.941,82.187,1.872,0,0
"03251618",18.827,79.596,1.577,0,0
"03251715",18.995,79.871,1.134,0,0
"03252500",3.726,96.219,0.054,0,0
"03252555",4.133,95.867,0,0,0
"03252660",0.88,98.757,0.363,0,0
"03252714",1.811,89.57,8.619,0,0
"03252715",1.64,82.571,15.789,0,0
"03252730",2.936,96.212,0.852,0,0
"03252740",3.212,96.566,0.222,0,0
"03252755",3.731,95.501,0.768,0,0
"03252763",3.717,95.515,0.768,0,0
"03252840",2.864,95.926,0,0.722,0.488
"03253190",4.166,92.721,3.113,0,0
"03253250",4.841,92.559,2.6,0,0
"03253410",3.178,92.008,4.385,0.429,0
"03253490",3.814,91.405,4.353,0.429,0
"03253780",4.21,92.149,3.641,0,0
"03253820",3.392,93.211,3.397,0,0
"03253900",1.908,95.747,2.346,0,0
"03254035",2.171,94.919,2.91,0,0
"03254080",2.171,86.218,11.611,0,0
"03254106",2.171,94.238,3.591,0,0
"03254165",2.171,81.281,9.873,0,6.674
"03254170",2.519,92.181,2.997,0,2.303
"03254230",1.345,74.971,15.314,0,8.369
"03254250",1.809,85.205,8.172,0,4.814
"03254335",3.373,89.868,6.759,0,0
"03254370",3.743,96.257,0,0,0
"03254510",5.183,94.817,0,0,0
"03254530",2.507,75.941,12.629,0,8.922
"03254600",2.807,96.473,0.393,0.327,0
"03254615",8.113,90.639,1.248,0,0
"03254620",5.379,93.412,0.883,0.327,0
"03254685",3.65,95.696,0.327,0.327,0
"03254730",3.298,96.375,0,0.327,0
"03254770",4.68,95.035,0,0.285,0
"03254820",5.089,94.911,0,0,0
"03254870",3.657,96.343,0,0,0
"03254896",5.221,94.779,0,0,0
"03254920",3.057,94.82,2.123,0,0
"03254929",1.46,86.684,0.164,0,11.691
"03254933",1.698,83.992,0.926,0,13.385
"03254935",2.723,77.632,5.699,0,13.946
"03254976",6.289,93.068,0,0,0.643
"03255180",2.654,96.816,0.53,0,0
"03255250",2.762,97.231,0.007,0,0
"03255280",3.572,93.729,2.699,0,0
"03255322",4.694,95.306,0,0,0
"03255467",1.511,98.489,0,0,0
"03255580",2.442,95.493,2.065,0,0
"03255628",3.09,96.162,0.748,0,0
"03255639",1.268,98.732,0,0,0
"03255642",3.831,96.169,0,0,0
"03255650",2.168,94.227,3.605,0,0
"03255690",2.17,97.83,0,0,0
"03255750",3.334,93.464,3.202,0,0
"03255751",5.984,91.63,2.385,0,0
"03255752",5.981,92.29,1.728,0,0
"03255785",4.722,93.136,2.143,0,0
"03255788",2.991,93.724,3.285,0,0
"03255790",1.974,94.416,3.61,0,0
"03255876",2.211,91.459,0.175,0,6.156
"03255910",7.736,86.107,0,0,6.157
"03255920",7.916,85.513,0,0.256,6.315
"03255960",7.703,87.364,0,0.567,4.366
"03256600",4.56,82.16,9.361,1.407,2.512
"03256990",0.006,89.731,10.263,0,0
"03257130",2.624,89.826,7.549,0,0
"03257335",2.547,93.108,4.345,0,0
"03257410",2.547,94.122,3.331,0,0
"03257500",0.753,86.985,0.371,0.595,11.295
"03257750",6.088,81.561,12.351,0,0
"03257798",0.633,85.482,13.884,0,0
"03257800",0.268,84.416,15.316,0,0
"03257847",5.625,81.692,12.683,0,0
"03257920",0,81.353,18.647,0,0
"03258000",6.008,77.28,6.224,3.886,6.602
"03258013",0,82.143,17.857,0,0
"03258025",0.127,84.479,15.394,0,0
"03258043",0.997,88.852,10.151,0,0
"03258162",0.431,84.856,14.713,0,0
"03258230",1.732,89.952,6.565,0,1.751
"03258235",1.354,92.222,6.424,0,0
"03258240",3.141,91.63,5.229,0,0
"03258250",3.578,86.818,3.338,0.322,5.944
"03258260",2.411,81.793,3.871,3.179,8.745
"03258270",3.599,83.425,2.251,2.72,8.005
"03258300",3.056,64.551,0.788,19.768,11.837
"03258324",3.088,62.497,0.822,21.613,11.98
"03258420",6.745,60.321,11.379,5.464,16.091
"03258500",2.966,79.049,4.834,10.36,2.791
"03258850",4.371,51.829,4.201,35.626,3.974
"03258970",27.849,52.376,8.534,9.801,1.44
"03259000",28.946,42.24,5.575,21.6,1.639
"03259240",2.725,95.53,1.745,0,0
"03259272",2.664,95.333,2.003,0,0
"03259350",2.943,90.351,6.706,0,0
"03259550",5.502,91.013,3.485,0,0
"03259700",5.52,91.315,3.165,0,0
"03259725",8.85,88.203,2.947,0,0
"03259850",7.433,47.611,8.724,33.06,3.172
"03260000",37.29,50.328,5.269,6.642,0.471
"03261000",25.646,44.937,2.456,24.786,2.176
"03261180",13.83,62.715,2.67,16.957,3.827
"03261300",6.849,44.747,14.178,30.722,3.504
"03261301",6.906,45.108,14.28,30.179,3.526
"03261302",5.895,48.238,5.764,36.016,4.089
"03261303",3.969,32.836,4.455,53.793,4.947
"03261304",6.891,45.873,14.288,29.348,3.601
"03261305",4.139,33.413,4.582,52.873,4.993
"03261307",5.047,37.2,17.185,36.43,4.139
"03261308",5.257,47.428,18.597,24.803,3.916
"03261600",5.064,43.07,18.089,29.766,4.012
"03261760",2.656,55.844,14.248,22.737,4.515
"03261785",3.611,55.446,11.105,26.019,3.819
"03261967",3.781,94.871,1.349,0,0
"03262000",6.038,86.185,3.606,1.656,2.516
"03262430",4.56,59.655,5.446,25.444,4.895
"03262780",7.092,69.851,10.224,3.907,8.926
"03263025",1.732,93.962,2.032,0,2.274
"03263028",2.919,90.928,1.903,0,4.25
"03263100",3.653,54.451,7.616,16.75,17.53
"03263400",2.673,59.53,9.442,8.929,19.425
"03263500",4.588,87.996,2.087,0,5.33
"03263610",3.328,93.887,2.785,0,0
"03263830",4.07,88.952,6.978,0,0
"03264000",5.207,81.186,13.252,0.325,0.029
"03264050",3.275,87.127,9.272,0.325,0
"03264093",7.08,77.073,11.562,0.123,4.162
"03264150",7.057,79.633,8.452,0,4.858
"03264250",7.554,69.248,12.818,0,10.38
"03264275",7.998,58.768,13.793,0.091,19.35
"03264375",5.514,68.746,6.52,5.608,13.612
"03264390",9.247,43.233,3.658,4.997,38.865
"03264430",3.47,55.183,13.636,10.49,17.221
"03264520",3.983,90.088,1.735,0,4.195
"03264560",8.539,56.693,5.603,0.5,28.665
"03264840",1.978,97.26,0.761,0,0
"03264920",0.926,98.181,0.893,0,0
"03264930",1.237,97.87,0.893,0,0
"03264940",3.126,95.981,0.893,0,0
"03264965",8.941,90.364,0.694,0,0
"03265000",9.423,88.343,0.822,0,1.412
"03265006",9.027,88.398,0.976,0,1.598
"03265155",0.874,71.596,26.763,0.767,0
"03265160",0.842,77.605,20.786,0.767,0
"03265161",1.82,68.484,28.93,0.767,0
"03265240",1.237,93.81,4.953,0,0
"03265290",8.412,90.948,0.64,0,0
"03265330",8.146,90.513,1.341,0,0
"03265334",5.82,92.447,1.733,0,0
"03265355",0.805,95.895,3.3,0,0
"03265385",1.811,95.469,2.721,0,0
"03265470",2.291,94.752,2.957,0,0
"03265480",2.269,93.81,3.922,0,0
"03265575",1.424,93.302,5.273,0,0
"03265600",2.144,92.613,5.243,0,0
"03265658",2.425,90.221,7.354,0,0
"03265710",2.425,89.93,7.645,0,0
"03265765",3.883,93.695,2.422,0,0
"03265775",3.298,93.912,2.79,0,0
"03265820",3.668,94.083,2.249,0,0
"03265904",1.868,94.152,3.98,0,0
"03265950",1.775,91.797,6.427,0,0
"03265982",3.289,88.826,7.885,0,0
"03265993",3.592,88.454,7.954,0,0
"03265996",3.608,90.936,5.456,0,0
"03265998",2.67,95.727,1.603,0,0
"03265999",2.61,96.091,1.3,0,0
"03266001",3.539,95.524,0.937,0,0
"03266100",2.431,92.428,5.141,0,0
"03266200",3.096,95.843,1.061,0,0
"03266350",4.601,93.309,2.09,0,0
"03266400",3.667,94.789,1.545,0,0
"03266629",4.051,95.762,0.187,0,0
"03266806",1.804,97.343,0.853,0,0
"03266826",2.255,96.758,0.987,0,0
"03266846",1.81,96.983,1.207,0,0
"03266856",2.397,96.233,1.369,0,0
"03266900",2.947,96.342,0.711,0,0
"03266920",3.773,96.025,0.202,0,0
"03266975",4.742,95.016,0.069,0,0.173
"03266990",9.701,89.853,0.446,0,0
"03267100",5.747,93.926,0.327,0,0
"03267530",8.026,88.941,2.332,0,0.701
"03267600",11.864,65.629,3.267,1.635,17.605
"03267850",16.426,79.543,3.165,0,0.866
"03267889",8.319,88.903,2.778,0,0
"03268250",18.154,65.151,2.756,2.747,11.192
"03268549",4.322,90.568,5.11,0,0
"03268850",8.694,83.776,7.132,0.397,0
"03268890",10.928,77.662,6.223,2.604,2.582
"03269000",11.666,67.29,5.271,8.925,6.848
"03269120",6.924,30.859,5.864,42.195,14.158
"03269185",6.299,65.065,5.98,4.84,17.816
"03269250",4.494,94.203,1.303,0,0
"03269295",13.183,74.747,0.043,1.195,10.833
"03269393",2.326,95.988,1.685,0,0
"03269438",2.777,95.263,1.961,0,0
"03269494",2.712,91.361,5.927,0,0
"03269640",2.674,91.267,6.059,0,0
"03269850",0.845,90.212,8.943,0,0
"03269987",0.851,91.035,8.115,0,0
"03270000",0.803,90.831,8.366,0,0
"03270057",2.843,61.552,34.189,1.416,0
"03270320",2.03,84.242,12.966,0.761,0
"03270335",1.812,90.207,7.981,0,0
"03270390",2.556,90.719,6.725,0,0
"03270420",3.207,90.846,5.947,0,0
"03270450",2.995,91.442,5.564,0,0
"03270490",3.756,89.665,6.58,0,0
"03270530",3.081,90.449,6.47,0,0
"03270680",2.603,94.289,3.108,0,0
"03270740",3.15,91.128,5.722,0,0
"03270755",3.198,91.006,5.796,0,0
"03270830",0.792,93.778,5.43,0,0
"03270833",0.75,94.47,4.781,0,0
"03270840",0.901,94.185,4.914,0,0
"03270900",3.972,91.85,4.178,0,0
"03270950",11.757,85.839,2.404,0,0
"03271000",0.769,94.402,4.829,0,0
"03271005",9.031,88.215,2.754,0,0
"03271011",3.504,94.846,1.649,0,0
"03271085",10.65,87.249,1.149,0.299,0.653
"03271215",1.119,91.612,7.268,0,0
"03271260",2.17,96.323,1.507,0,0
"03271280",1.119,86.918,11.963,0,0
"03271310",0.568,98.694,0.738,0,0
"03271360",0.465,99.007,0.528,0,0
"03271385",3.19,85.751,11.058,0,0
"03271404",2.917,87.901,9.183,0,0
"03271412",4.167,89.12,6.713,0,0
"03271415",4.274,87.846,7.88,0,0
"03271437",2.479,97.521,0,0,0
"03271447",2.016,97.984,0,0,0
"03271491",2.934,93.61,3.456,0,0
"03271515",1.491,98.45,0.059,0,0
"03271565",6.218,93.78,0.002,0,0
"03271590",7.493,90.96,1.547,0,0
"03271615",7.797,91.849,0.354,0,0
"03271625",8.757,90.266,0.977,0,0
"03271640",8.86,88.179,2.692,0.268,0
"03271647",9.106,87.726,2.637,0.531,0
"03271840",2.29,96.918,0.793,0,0
"03271920",3.038,94.21,2.752,0,0
"03271938",5.278,91.446,3.276,0,0
"03271965",7.71,88.355,3.921,0.014,0
"03271975",9.301,86.869,3.078,0.752,0
"03272040",9.494,86.028,3.5,0.978,0
"03272060",9.505,86.202,3.689,0.604,0
"03272235",4.452,88.431,4.467,2.65,0
"03272400",2.091,91.586,3.869,2.454,0
"03272500",1.923,90.828,5.121,2.128,0
"03272550",1.82,90.29,5.965,1.926,0
"03272612",3.349,89.539,6.24,0.872,0
"03272629",3.321,89.778,5.953,0.947,0
"03272677",4.961,90.007,4.939,0.093,0
"03272678",4.961,90.008,4.938,0.093,0
"03272685",4.792,90.244,4.873,0.091,0
"03273029",6.06,90.192,3.408,0.013,0.326
"03273158",3.055,94.112,2.833,0,0
"03273169",3.032,93.985,2.984,0,0
"03273242",2.103,94.322,3.575,0,0
"03273266",3.697,93.145,3.158,0,0
"03273271",3.763,92.484,3.753,0,0
"03273275",3.924,92.186,3.89,0,0
"03273318",4.908,90.468,4.623,0,0
"03273345",6.154,90.177,3.367,0.005,0.296
"03273550",12.702,84.964,0.716,0.699,0.918
"03274000",4.149,91.54,4.311,0,0
"03274010",4.136,91.662,4.201,0,0
"03274301",3.254,92.693,4.053,0,0
"03274389",1.987,93.787,4.227,0,0
"03274420",4.263,91.653,4.084,0,0
"03274440",1.64,92.72,5.383,0.257,0
"03275900",2.177,97.196,0.627,0,0
"03275920",2.296,67.135,0,0.89,29.678
"04110700",0.533,90.616,8.851,0,0
"04110740",2.008,94.131,3.862,0,0
"04110750",2.003,94.541,3.455,0,0
"04110790",2.138,82.568,15.294,0,0
"04111000",27.307,70.067,2.625,0,0
"04111500",29.744,66.016,4.24,0,0
"04112000",17.074,78.037,4.889,0,0
"04112300",2.18,86.846,10.974,0,0
"04115525",1.127,94.96,3.913,0,0
"04115540",1.52,79.826,18.653,0,0
"04115550",0.283,76.841,22.876,0,0
"04115580",1.786,83.825,14.076,0.313,0
"04115650",0.68,75.92,23.4,0,0
"04115675",1.513,83.704,14.783,0,0
"04116400",5.287,84.486,10.226,0,0
"04116960",2.444,79.578,17.978,0,0
"04123100",1.997,80.775,17.227,0,0
"04123400",1.616,92.988,5.396,0,0
"04123495",4.92,91.532,3.548,0,0
"04123500",4.622,93.112,2.266,0,0
"04123710",4.739,93.538,1.723,0,0
"04123755",2.504,89.409,8.087,0,0
"04123760",1.035,90.382,8.583,0,0
"04123780",0.929,97.734,1.336,0,0
"04123785",1.248,98.431,0.322,0,0
"04163025",3.473,92.559,1.371,0,2.597
"04302002",6.057,92.428,0,0.346,1.169
"04302003",3.503,71.781,0,0.921,23.795
"04302005",6.889,89.589,0,0.182,3.339
"04302008",3.28,90.277,3.658,0,2.784
"04302009",4.552,90.818,4.631,0,0
"04600000",3.77,93.82,2.41,0,0
"04600001",9.186,85.337,5.477,0,0
"04600002",15.463,79.259,5.278,0,0
"04600003",1.676,94.038,4.286,0,0
"04600004",0.316,83.929,15.755,0,0
"04600006",3.253,82.653,13.803,0.291,0
"04600007",29.127,66.711,4.162,0,0
"04600011",1.702,73.122,25.176,0,0
"04600012",0.771,92.192,7.037,0,0
"04600013",2.236,85.407,12.357,0,0
"04603001",4.313,84.845,10.843,0,0
"04603002",3.473,89.317,7.21,0,0
"04603003",2.551,75.185,22.265,0,0
"04603004",0.266,80.705,19.029,0,0
"04603005",1.006,88.79,10.204,0,0
"04603006",3.573,80.574,15.853,0,0
"04603007",4.601,70.461,24.937,0,0
"04606016",1.511,96.074,2.416,0,0
"04630000",1.191,96.544,2.265,0,0
"04630001",3.58,95.579,0.842,0,0
"04630006",6.1,87.422,6.478,0,0
"04630007",6.575,52.751,40.316,0.357,0
"04631002",0.497,53.305,46.198,0,0
"04631004",5.52,82.839,11.641,0,0
"04631005",4.729,85.203,10.067,0,0
"04631006",2.616,86.444,10.94,0,0
"04631022",6.025,90.734,3.241,0,0
"04631023",7.982,89.369,2.649,0,0
"04632000",2.271,96.494,0.866,0.369,0
"04632007",2.56,96.248,0.823,0.369,0
"H3219403",22.518,31.399,36.757,9.325,0
"H3229463",14.542,49.233,26.979,9.245,0
"H4389343",23.885,39.662,23.455,12.998,0
"H5156903",2.39,78.137,12.923,4.827,1.723
"H6259303",10.557,68.005,20.101,1.336,0
"I0399103",8.267,82.92,7.554,1.26,0
"I2237503",1.664,89.454,7.77,1.112,0
"I7005803",1.913,68.265,29.055,0.767,0
"I92-4703",2.834,89.892,4.624,2.65,0
